x,y,dy
4400.0,-1.48158,-1.49045
4401.0,-1.58620,-1.59510
4402.0,-0.94817,-0.95711
4403.0,1.60136,1.59238
4404.0,-0.22709,-0.23611
4405.0,1.64965,1.64059
4406.0,-3.10318,-3.11228
4407.0,1.06009,1.05095
4408.0,2.52114,2.51196
4409.0,-0.58678,-0.59600
4410.0,3.49495,3.48570
4411.0,-1.49025,-1.49955
4412.0,-0.82938,-0.83872
4413.0,-2.99577,-3.00515
4414.0,-0.53966,-0.54909
4415.0,-1.87497,-1.88444
4416.0,3.07089,3.06138
4417.0,0.90249,0.89293
4418.0,2.34778,2.33819
4419.0,2.77828,2.76865
4420.0,-1.65398,-1.66366
4421.0,-2.29315,-2.30288
4422.0,2.49663,2.48686
4423.0,-1.35423,-1.36404
4424.0,0.58068,0.57082
4425.0,-0.68947,-0.69938
4426.0,0.16757,0.15762
4427.0,-0.63166,-0.64166
4428.0,0.66128,0.65123
4429.0,-0.82332,-0.83341
4430.0,1.30308,1.29295
4431.0,-1.11596,-1.12614
4432.0,1.41480,1.40457
4433.0,-1.95794,-1.96822
4434.0,-0.69897,-0.70930
4435.0,-1.45546,-1.46584
4436.0,0.41153,0.40111
4437.0,-0.84220,-0.85268
4438.0,0.93003,0.91951
4439.0,0.41489,0.40432
4440.0,-1.37972,-1.39034
4441.0,-0.83748,-0.84815
4442.0,-0.13927,-0.14999
4443.0,-0.52681,-0.53759
4444.0,0.13766,0.12684
4445.0,0.75168,0.74081
4446.0,0.07882,0.06789
4447.0,1.50511,1.49413
4448.0,-1.10933,-1.12036
4449.0,2.19139,2.18030
4450.0,-1.42174,-1.43288
4451.0,2.28739,2.27619
4452.0,1.17201,1.16076
4453.0,2.32207,2.31076
4454.0,2.12905,2.11768
4455.0,2.49453,2.48311
4456.0,-2.00834,-2.01981
4457.0,-1.81864,-1.83018
4458.0,-1.15807,-1.16966
4459.0,1.91932,1.90768
4460.0,4.05070,4.03899
4461.0,-0.82519,-0.83695
4462.0,-1.43812,-1.44994
4463.0,-1.44743,-1.45931
4464.0,-0.04118,-0.05312
4465.0,0.49431,0.48231
4466.0,-0.26900,-0.28106
4467.0,-0.86468,-0.87680
4468.0,0.85722,0.84503
4469.0,0.83686,0.82461
4470.0,-1.33989,-1.35220
4471.0,-1.19744,-1.20981
4472.0,1.16212,1.14968
4473.0,2.31159,2.29909
4474.0,-0.23850,-0.25106
4475.0,1.02517,1.01255
4476.0,0.93873,0.92604
4477.0,-1.12227,-1.13503
4478.0,-1.48399,-1.49681
4479.0,-0.17625,-0.18914
4480.0,-0.81068,-0.82365
4481.0,1.10183,1.08880
4482.0,-2.29509,-2.30819
4483.0,-0.54601,-0.55918
4484.0,1.19289,1.17966
4485.0,-0.22887,-0.24218
4486.0,-0.21898,-0.23236
4487.0,-0.10191,-0.11536
4488.0,-0.33733,-0.35086
4489.0,-0.28192,-0.29552
4490.0,0.19935,0.18569
4491.0,0.03612,0.02238
4492.0,-1.33036,-1.34417
4493.0,1.90453,1.89064
4494.0,0.10090,0.08694
4495.0,0.70225,0.68821
4496.0,-1.53480,-1.54892
4497.0,-2.78253,-2.79672
4498.0,-0.37168,-0.38595
4499.0,0.90324,0.88889
4500.0,-2.55321,-2.56764
4501.0,-1.36447,-1.37898
4502.0,-0.80241,-0.81700
4503.0,1.67790,1.66322
4504.0,3.24534,3.23058
4505.0,-0.70473,-0.71956
4506.0,1.44332,1.42840
4507.0,0.60017,0.58516
4508.0,-1.37815,-1.39324
4509.0,1.49941,1.48423
4510.0,0.97772,0.96246
4511.0,0.27968,0.26433
4512.0,-0.35787,-0.37331
4513.0,-0.11641,-0.13193
4514.0,2.10454,2.08893
4515.0,1.62394,1.60824
4516.0,2.75899,2.74319
4517.0,0.53869,0.52280
4518.0,2.32615,2.31017
4519.0,-1.41609,-1.43217
4520.0,1.55765,1.54148
4521.0,3.27044,3.25418
4522.0,0.59220,0.57584
4523.0,-0.14201,-0.15846
4524.0,1.08435,1.06779
4525.0,0.39812,0.38147
4526.0,-0.93009,-0.94684
4527.0,-1.86752,-1.88437
4528.0,2.31030,2.29334
4529.0,-2.00239,-2.01945
4530.0,-0.02353,-0.04068
4531.0,0.70713,0.68987
4532.0,-0.83795,-0.85532
4533.0,-0.14463,-0.16210
4534.0,-1.37140,-1.38898
4535.0,0.62352,0.60584
4536.0,-0.02083,-0.03862
4537.0,1.46991,1.45201
4538.0,-1.21181,-1.22982
4539.0,0.39343,0.37531
4540.0,-0.90928,-0.92752
4541.0,0.58364,0.56529
4542.0,2.58381,2.56535
4543.0,-1.14696,-1.16554
4544.0,-0.81380,-0.83250
4545.0,1.00591,0.98709
4546.0,-1.62545,-1.64439
4547.0,-2.34118,-2.36023
4548.0,0.64835,0.62918
4549.0,0.01532,-0.00398
4550.0,1.59549,1.57607
4551.0,-0.21540,-0.23495
4552.0,0.10292,0.08324
4553.0,-1.28927,-1.30907
4554.0,0.01855,-0.00138
4555.0,-0.18242,-0.20248
4556.0,0.31035,0.29016
4557.0,0.85206,0.83173
4558.0,0.15923,0.13877
4559.0,-1.46860,-1.48919
4560.0,-0.01131,-0.03204
4561.0,-2.80213,-2.82300
4562.0,0.55723,0.53622
4563.0,0.17846,0.15732
4564.0,-1.03268,-1.05397
4565.0,2.11464,2.09321
4566.0,-0.88146,-0.90304
4567.0,1.67926,1.65754
4568.0,-1.71489,-1.73676
4569.0,1.80947,1.78745
4570.0,-2.00135,-2.02352
4571.0,-6.96109,-6.98342
4572.0,-3.02790,-3.05038
4573.0,-1.24958,-1.27222
4574.0,-0.44224,-0.46503
4575.0,-1.03642,-1.05938
4576.0,0.06015,0.03704
4577.0,1.21719,1.19391
4578.0,-0.09384,-0.11728
4579.0,2.55418,2.53057
4580.0,-0.33065,-0.35442
4581.0,1.24945,1.22551
4582.0,-0.69448,-0.71859
4583.0,-0.11011,-0.13439
4584.0,-0.53772,-0.56218
4585.0,1.57813,1.55349
4586.0,-0.63488,-0.65970
4587.0,-1.44971,-1.47471
4588.0,-3.08077,-3.10595
4589.0,-0.83215,-0.85752
4590.0,0.46774,0.44219
4591.0,-0.33098,-0.35672
4592.0,-0.24088,-0.26681
4593.0,-3.91463,-3.94076
4594.0,-0.86806,-0.89438
4595.0,1.81378,1.78727
4596.0,-0.34794,-0.37466
4597.0,0.63094,0.60402
4598.0,0.46124,0.43412
4599.0,1.62979,1.60246
4600.0,2.53255,2.50501
4601.0,0.27775,0.25000
4602.0,0.87800,0.85004
4603.0,-1.52766,-1.55584
4604.0,1.24876,1.22037
4605.0,0.41038,0.38177
4606.0,0.02269,-0.00615
4607.0,-2.74125,-2.77031
4608.0,-0.60164,-0.63093
4609.0,-0.23080,-0.26033
4610.0,3.33798,3.30822
4611.0,5.23081,5.20081
4612.0,-0.14529,-0.17553
4613.0,-0.63295,-0.66343
4614.0,-0.75129,-0.78202
4615.0,0.03880,0.00783
4616.0,-0.81209,-0.84331
4617.0,3.43640,3.40492
4618.0,1.12719,1.09544
4619.0,-3.06333,-3.09534
4620.0,0.07743,0.04516
4621.0,2.39149,2.35895
4622.0,-0.71744,-0.75025
4623.0,-1.86827,-1.90136
4624.0,-0.68211,-0.71547
4625.0,0.16802,0.13438
4626.0,0.60999,0.57606
4627.0,0.30466,0.27044
4628.0,-0.71708,-0.75159
4629.0,-0.05264,-0.08745
4630.0,-0.66407,-0.69917
4631.0,-2.54865,-2.58406
4632.0,0.82041,0.78469
4633.0,-2.87974,-2.91577
4634.0,0.47466,0.43832
4635.0,3.29977,3.26310
4636.0,-2.25216,-2.28915
4637.0,-0.49050,-0.52782
4638.0,0.37725,0.33959
4639.0,-0.47070,-0.50869
4640.0,-0.13513,-0.17347
4641.0,0.59960,0.56092
4642.0,-1.94392,-1.98296
4643.0,0.03706,-0.00233
4644.0,-0.86318,-0.90294
4645.0,0.40130,0.36118
4646.0,-0.75406,-0.79455
4647.0,-1.94277,-1.98364
4648.0,0.53214,0.49089
4649.0,0.67683,0.63519
4650.0,-2.85817,-2.90020
4651.0,2.35031,2.30788
4652.0,0.67421,0.63138
4653.0,1.90376,1.86052
4654.0,0.12158,0.07791
4655.0,6.05400,6.00992
4656.0,-2.88141,-2.92592
4657.0,0.02572,-0.01922
4658.0,0.98093,0.93555
4659.0,1.78440,1.73857
4660.0,-0.05297,-0.09926
4661.0,0.06839,0.02164
4662.0,0.82519,0.77798
4663.0,2.59988,2.55219
4664.0,-0.72979,-0.77796
4665.0,-3.37623,-3.42490
4666.0,1.68938,1.64022
4667.0,4.48883,4.43917
4668.0,-2.55021,-2.60038
4669.0,0.70303,0.65233
4670.0,1.52617,1.47494
4671.0,1.11033,1.05857
4672.0,1.07096,1.01866
4673.0,-1.79909,-1.85195
4674.0,0.72979,0.67636
4675.0,1.78469,1.73070
4676.0,0.35039,0.29582
4677.0,0.62077,0.56561
4678.0,0.59581,0.54004
4679.0,-0.45871,-0.51508
4680.0,-1.60320,-1.66019
4681.0,-0.39415,-0.45178
4682.0,-1.41649,-1.47475
4683.0,0.89025,0.83133
4684.0,-0.63180,-0.69138
4685.0,1.14172,1.08147
4686.0,-0.37774,-0.43868
4687.0,-0.14468,-0.20631
4688.0,-1.41887,-1.48121
4689.0,-1.39617,-1.45924
4690.0,1.38689,1.32309
4691.0,1.30388,1.23933
4692.0,0.33737,0.27207
4693.0,0.11428,0.04820
4694.0,0.27109,0.20422
4695.0,3.22625,3.15859
4696.0,-0.04209,-0.11057
4697.0,0.46362,0.39431
4698.0,1.39201,1.32185
4699.0,0.64871,0.57770
4700.0,2.08432,2.01243
4701.0,-1.98426,-2.05705
4702.0,0.36222,0.28852
4703.0,0.28638,0.21176
4704.0,1.85154,1.77597
4705.0,0.79152,0.71498
4706.0,0.75159,0.67408
4707.0,-1.17193,-1.25044
4708.0,0.00317,-0.07636
4709.0,-1.42093,-1.50150
4710.0,-1.06387,-1.14550
4711.0,-0.20715,-0.28987
4712.0,-1.62394,-1.70776
4713.0,0.50791,0.42296
4714.0,-1.05041,-1.13650
4715.0,1.64992,1.56266
4716.0,-1.45661,-1.54507
4717.0,-0.47924,-0.56892
4718.0,-0.09532,-0.18624
4719.0,0.37102,0.27883
4720.0,-0.53240,-0.62589
4721.0,-1.79847,-1.89329
4722.0,0.05196,-0.04421
4723.0,-0.08521,-0.18276
4724.0,0.05890,-0.04007
4725.0,0.38507,0.28466
4726.0,2.18653,2.08465
4727.0,-0.69770,-0.80109
4728.0,-1.67584,-1.78078
4729.0,0.91381,0.80729
4730.0,1.33478,1.22665
4731.0,0.57259,0.46281
4732.0,4.73156,4.62010
4733.0,-0.63337,-0.74656
4734.0,-0.32202,-0.43698
4735.0,-0.63690,-0.75367
4736.0,1.48173,1.36311
4737.0,-1.05977,-1.18029
4738.0,1.98861,1.86615
4739.0,0.67943,0.55498
4740.0,-0.79860,-0.92509
4741.0,1.33975,1.21118
4742.0,0.26068,0.12996
4743.0,-0.38752,-0.52044
4744.0,-0.81583,-0.95099
4745.0,1.45996,1.32249
4746.0,1.71771,1.57787
4747.0,-0.13013,-0.27240
4748.0,-1.27909,-1.42385
4749.0,-1.82915,-1.97646
4750.0,-2.20556,-2.35551
4751.0,2.04095,1.88831
4752.0,0.36787,0.21246
4753.0,-1.66853,-1.82679
4754.0,1.29052,1.12934
4755.0,0.50716,0.34297
4756.0,-1.97071,-2.13800
4757.0,-0.57667,-0.74714
4758.0,2.06558,1.89185
4759.0,2.09130,1.91420
4760.0,-2.47315,-2.65371
4761.0,2.05692,1.87279
4762.0,1.19164,1.00384
4763.0,0.76180,0.57021
4764.0,2.95094,2.75546
4765.0,2.30493,2.10542
4766.0,0.49735,0.29370
4767.0,-1.00374,-1.21167
4768.0,-2.55118,-2.76351
4769.0,-0.56805,-0.78493
4770.0,-0.12528,-0.34686
4771.0,3.21548,2.98904
4772.0,-2.12405,-2.35550
4773.0,-1.78167,-2.01830
4774.0,0.26622,0.02424
4775.0,-2.13876,-2.38628
4776.0,-1.58316,-1.83641
4777.0,-0.09173,-0.35091
4778.0,-0.93594,-1.20127
4779.0,0.64137,0.36968
4780.0,-0.21350,-0.49178
4781.0,-2.49666,-2.78178
4782.0,1.43126,1.13905
4783.0,1.92533,1.62577
4784.0,1.54184,1.23464
4785.0,0.91759,0.60247
4786.0,-0.23052,-0.55389
4787.0,1.68546,1.35353
4788.0,-0.32806,-0.66890
4789.0,0.24317,-0.10694
4790.0,0.25457,-0.10520
4791.0,-2.67210,-3.04192
4792.0,-0.90029,-1.28058
4793.0,-0.24361,-0.63484
4794.0,2.18399,1.78135
4795.0,3.48563,3.07109
4796.0,0.84219,0.41520
4797.0,-0.33847,-0.77846
4798.0,-0.33085,-0.78444
4799.0,0.59487,0.12704
4800.0,-0.42279,-0.90555
4801.0,1.02947,0.53107
4802.0,1.41328,0.89848
4803.0,0.21514,-0.31689
4804.0,-0.45009,-1.00021
4805.0,1.20466,0.63551
4806.0,-0.90175,-1.49093
4807.0,0.18955,-0.42072
4808.0,-1.28169,-1.91419
4809.0,2.77727,2.12131
4810.0,-0.00853,-0.68927
4811.0,-1.87709,-2.58402
4812.0,0.12698,-0.60768
4813.0,2.09851,1.33449
4814.0,0.67108,-0.12409
4815.0,0.60812,-0.22011
4816.0,-3.41533,-4.27870
4817.0,2.05602,1.15524
4818.0,3.00022,2.05959
4819.0,-0.18980,-1.17294
4820.0,-0.33253,-1.36110
4821.0,1.90301,0.82584
4822.0,2.21595,1.08672
4823.0,2.17681,0.99171
4824.0,1.72020,0.47504
4825.0,1.52415,0.21436
4826.0,0.98395,-0.39555
4827.0,0.90300,-0.55180
4828.0,1.31797,-0.21834
4829.0,0.13272,-1.49196
4830.0,2.74826,1.02755
4831.0,-1.03172,-2.85700
4832.0,1.52388,-0.41552
4833.0,3.65225,1.58803
4834.0,0.27640,-1.92468
4835.0,3.16668,0.81516
4836.0,2.91673,0.39940
4837.0,1.89193,-0.80862
4838.0,3.11895,0.21535
4839.0,4.28950,1.16021
4840.0,4.92596,1.54507
4841.0,3.56975,-0.09250
4842.0,5.57018,1.59227
4843.0,4.52242,0.18925
4844.0,5.05762,0.32333
4845.0,3.86881,-1.31984
4846.0,6.18180,0.47692
4847.0,5.15777,-1.13526
4848.0,6.21738,-0.74736
4849.0,9.10082,1.36756
4850.0,6.73264,-1.88063
4851.0,7.44164,-2.17883
4852.0,10.13075,-0.63964
4853.0,12.27814,0.20175
4854.0,11.31239,-2.23367
4855.0,15.33183,0.15620
4856.0,17.45877,0.51679
4857.0,18.64295,-0.14988
4858.0,21.03396,0.39648
4859.0,23.06084,0.71759
4860.0,25.86621,2.12107
4861.0,26.83936,2.16534
4862.0,23.83998,-1.16002
4863.0,27.04726,2.37325
4864.0,25.73540,1.99026
4865.0,23.40793,1.06468
4866.0,21.47741,0.83993
4867.0,20.08323,1.29040
4868.0,17.41582,0.47384
4869.0,15.02697,-0.14867
4870.0,13.97026,0.42419
4871.0,15.82580,3.74941
4872.0,9.94333,-0.82706
4873.0,10.33731,0.71684
4874.0,7.28095,-1.33233
4875.0,8.93494,1.20169
4876.0,9.08463,2.11989
4877.0,3.86420,-2.42883
4878.0,8.50492,2.80005
4879.0,4.00380,-1.18485
4880.0,5.64433,0.91004
4881.0,5.22103,0.88787
4882.0,2.05388,-1.92402
4883.0,4.53520,0.87295
4884.0,3.17477,-0.20612
4885.0,1.75822,-1.37107
4886.0,4.05600,1.15240
4887.0,3.02342,0.32286
4888.0,3.55207,1.03475
4889.0,0.56163,-1.78990
4890.0,-0.36662,-2.56770
4891.0,2.08538,0.02116
4892.0,0.81187,-1.12752
4893.0,-0.06468,-1.88996
4894.0,2.07657,0.35586
4895.0,-0.56185,-2.18653
4896.0,3.22998,1.69368
4897.0,2.12722,0.67241
4898.0,-0.61430,-1.99380
4899.0,0.90383,-0.40597
4900.0,0.97639,-0.26876
4901.0,1.13621,-0.04889
4902.0,-0.08870,-1.21794
4903.0,-0.25800,-1.33517
4904.0,2.57501,1.54644
4905.0,0.79931,-0.18383
4906.0,2.83377,1.89315
4907.0,3.67952,2.77874
4908.0,3.11128,2.24791
4909.0,0.27081,-0.55743
4910.0,-1.43565,-2.23082
4911.0,3.64934,2.88532
4912.0,-0.44162,-1.17627
4913.0,0.59971,-0.10723
4914.0,-0.48191,-1.16265
4915.0,3.34978,2.69381
4916.0,0.45950,-0.17300
4917.0,-1.83644,-2.44670
4918.0,0.81515,0.22597
4919.0,-1.11716,-1.68631
4920.0,0.88325,0.33313
4921.0,3.80132,3.26930
4922.0,0.16049,-0.35431
4923.0,0.72964,0.23124
4924.0,-0.93447,-1.41722
4925.0,2.57447,2.10663
4926.0,1.76984,1.31624
4927.0,-0.58312,-1.02311
4928.0,0.79373,0.36675
4929.0,1.21683,0.80229
4930.0,0.08639,-0.31624
4931.0,0.70511,0.31388
4932.0,3.27917,2.89887
4933.0,-0.22383,-0.59365
4934.0,0.23483,-0.12494
4935.0,0.59707,0.24696
4936.0,1.52894,1.18809
4937.0,0.84845,0.51652
4938.0,1.19799,0.87462
4939.0,1.21712,0.90199
4940.0,3.39097,3.08377
4941.0,1.21632,0.91675
4942.0,-0.95039,-1.24259
4943.0,0.33161,0.04649
4944.0,0.81773,0.53944
4945.0,-0.65524,-0.92694
4946.0,1.39708,1.13175
4947.0,1.22817,0.96898
4948.0,-0.05048,-0.30374
4949.0,2.46440,2.21688
4950.0,-0.25272,-0.49471
4951.0,0.95902,0.72239
4952.0,1.19984,0.96839
4953.0,-1.20911,-1.43555
4954.0,0.60291,0.38133
4955.0,-0.72379,-0.94067
4956.0,0.77147,0.55914
4957.0,-0.31679,-0.52471
4958.0,2.00797,1.80432
4959.0,0.78197,0.58246
4960.0,1.34511,1.14962
4961.0,-0.87178,-1.06336
4962.0,-2.17901,-2.36681
4963.0,-0.19731,-0.38144
4964.0,0.39272,0.21216
4965.0,2.04601,1.86891
4966.0,1.51118,1.33744
4967.0,-0.77855,-0.94902
4968.0,0.04950,-0.11778
4969.0,0.08712,-0.07707
4970.0,0.15192,-0.00927
4971.0,1.18752,1.02926
4972.0,-0.39210,-0.54752
4973.0,-0.93525,-1.08789
4974.0,1.00076,0.85082
4975.0,-0.54956,-0.69688
4976.0,-1.62400,-1.76876
4977.0,2.66714,2.52487
4978.0,-1.27453,-1.41436
4979.0,0.07240,-0.06507
4980.0,-0.25764,-0.39280
4981.0,2.28482,2.15191
4982.0,-1.67875,-1.80947
4983.0,2.46039,2.33181
4984.0,1.58381,1.45732
4985.0,-0.82884,-0.95329
4986.0,-1.33739,-1.45985
4987.0,-0.41644,-0.53696
4988.0,0.30911,0.19049
4989.0,-0.55772,-0.67449
4990.0,0.87325,0.75828
4991.0,1.03634,0.92315
4992.0,-1.43084,-1.54231
4993.0,1.81303,1.70325
4994.0,2.75291,2.64477
4995.0,-0.37386,-0.48037
4996.0,0.42743,0.32249
4997.0,-2.63429,-2.73769
4998.0,0.57033,0.46844
4999.0,-2.04386,-2.14427
5000.0,1.48332,1.38436
5001.0,2.77146,2.67390
5002.0,0.58238,0.48621
5003.0,-0.13436,-0.22918
5004.0,-2.40612,-2.49962
5005.0,-1.53253,-1.62472
5006.0,-1.60858,-1.69951
5007.0,2.17492,2.08524
5008.0,1.31622,1.22776
5009.0,-0.95743,-1.04469
5010.0,3.63265,3.54656
5011.0,-1.83679,-1.92174
5012.0,0.30078,0.21697
5013.0,-2.53890,-2.62162
5014.0,-0.60111,-0.68275
5015.0,0.57758,0.49701
5016.0,1.46791,1.38837
5017.0,-0.05429,-0.13280
5018.0,-0.71203,-0.78954
5019.0,-0.63761,-0.71414
5020.0,2.37478,2.29921
5021.0,2.25086,2.17623
5022.0,1.75957,1.68587
5023.0,0.68518,0.61240
5024.0,5.31277,5.24087
5025.0,1.66281,1.59179
5026.0,0.85070,0.78054
5027.0,-0.04400,-0.11331
5028.0,-1.91893,-1.98741
5029.0,-0.72625,-0.79392
5030.0,-0.83532,-0.90218
5031.0,0.00586,-0.06022
5032.0,1.56115,1.49585
5033.0,0.23338,0.16884
5034.0,-0.40306,-0.46686
5035.0,-0.87387,-0.93693
5036.0,-0.64787,-0.71021
5037.0,1.69720,1.63557
5038.0,-0.93070,-0.99164
5039.0,2.20117,2.14092
5040.0,0.17756,0.11798
5041.0,1.68290,1.62398
5042.0,2.89353,2.83526
5043.0,-0.13583,-0.19345
5044.0,1.97522,1.91822
5045.0,1.06627,1.00990
5046.0,-1.55229,-1.60805
5047.0,0.44793,0.39276
5048.0,-2.57068,-2.62526
5049.0,-0.36047,-0.41446
5050.0,2.24398,2.19055
5051.0,-0.31030,-0.36316
5052.0,-0.93898,-0.99129
5053.0,-1.39231,-1.44407
5054.0,-1.33775,-1.38897
5055.0,-2.66852,-2.71922
5056.0,-1.43522,-1.48540
5057.0,0.15409,0.10442
5058.0,-2.60838,-2.65754
5059.0,-2.70523,-2.75389
5060.0,3.12531,3.07714
5061.0,-1.66615,-1.71384
5062.0,0.55073,0.50351
5063.0,-0.22422,-0.27097
5064.0,-1.24397,-1.29026
5065.0,-1.54255,-1.58838
5066.0,-0.18619,-0.23158
5067.0,-2.55760,-2.60255
5068.0,0.00854,-0.03597
5069.0,1.63398,1.58990
5070.0,-0.75977,-0.80343
5071.0,0.75660,0.71335
5072.0,-0.93525,-0.97808
5073.0,-2.85608,-2.89851
5074.0,-1.44747,-1.48951
5075.0,-0.93248,-0.97412
5076.0,-0.22569,-0.26694
5077.0,0.19438,0.15352
5078.0,2.27254,2.23205
5079.0,2.25229,2.21217
5080.0,0.66203,0.62228
5081.0,2.03516,1.99577
5082.0,0.79262,0.75359
5083.0,-4.17136,-4.21004
5084.0,-0.25173,-0.29007
5085.0,1.80678,1.76879
5086.0,-1.23536,-1.27302
5087.0,0.45745,0.42012
5088.0,0.25040,0.21341
5089.0,1.97022,1.93355
5090.0,1.04774,1.01140
5091.0,-2.04228,-2.07831
5092.0,-1.41727,-1.45299
5093.0,-0.02507,-0.06048
5094.0,-1.23851,-1.27362
5095.0,-2.67812,-2.71293
5096.0,-0.18822,-0.22273
5097.0,-0.00094,-0.03516
5098.0,-1.25138,-1.28531
5099.0,0.98630,0.95265
5100.0,-2.14567,-2.17904
5101.0,0.45480,0.42172
5102.0,-0.35206,-0.38487
5103.0,-2.90849,-2.94103
5104.0,1.62169,1.58942
5105.0,-0.11768,-0.14968
5106.0,-2.63838,-2.67012
5107.0,-1.60448,-1.63597
5108.0,2.51435,2.48312
5109.0,-0.51407,-0.54505
5110.0,-0.71027,-0.74100
5111.0,1.61051,1.58003
5112.0,1.30636,1.27613
5113.0,0.42775,0.39775
5114.0,0.48119,0.45143
5115.0,0.82854,0.79901
5116.0,-1.37668,-1.40597
5117.0,0.63126,0.60220
5118.0,-1.43624,-1.46508
5119.0,0.66086,0.63225
5120.0,0.85751,0.82912
5121.0,0.31678,0.28860
5122.0,0.35384,0.32588
5123.0,-0.04389,-0.07164
5124.0,1.39879,1.37125
5125.0,1.36174,1.33441
5126.0,1.21290,1.18578
5127.0,-0.86296,-0.88987
5128.0,-0.44053,-0.46724
5129.0,-2.28645,-2.31297
5130.0,1.78630,1.75998
5131.0,3.52005,3.49393
5132.0,-1.08183,-1.10776
5133.0,1.22937,1.20363
5134.0,-1.71162,-1.73717
5135.0,-1.15419,-1.17955
5136.0,-0.84061,-0.86579
5137.0,0.56645,0.54145
5138.0,3.17284,3.14803
5139.0,-0.19777,-0.22240
5140.0,-0.15640,-0.18086
5141.0,0.95527,0.93099
5142.0,0.82814,0.80403
5143.0,-1.56105,-1.58499
5144.0,5.70014,5.67637
5145.0,-0.14900,-0.17260
5146.0,0.46392,0.44048
5147.0,-1.28133,-1.30461
5148.0,-2.30569,-2.32880
5149.0,-1.12682,-1.14977
5150.0,-0.38911,-0.41190
5151.0,0.58579,0.56315
5152.0,-2.05541,-2.07789
5153.0,-3.28712,-3.30944
5154.0,1.40116,1.37899
5155.0,-0.52616,-0.54819
5156.0,-0.69726,-0.71913
5157.0,1.69704,1.67532
5158.0,-1.38900,-1.41058
5159.0,2.04232,2.02089
5160.0,-0.46903,-0.49032
5161.0,-0.85247,-0.87362
5162.0,-3.63374,-3.65475
5163.0,-0.90890,-0.92976
5164.0,1.32505,1.30432
5165.0,-0.85387,-0.87446
5166.0,-0.24779,-0.26824
5167.0,0.53299,0.51266
5168.0,0.27843,0.25824
5169.0,-1.25671,-1.27677
5170.0,-1.31050,-1.33043
5171.0,-2.14836,-2.16817
5172.0,-2.02370,-2.04337
5173.0,-1.22325,-1.24279
5174.0,1.30357,1.28414
5175.0,-0.81539,-0.83469
5176.0,0.91833,0.89915
5177.0,0.46022,0.44117
5178.0,1.25209,1.23315
5179.0,-1.63940,-1.65822
5180.0,0.85909,0.84040
5181.0,0.07345,0.05487
5182.0,2.10752,2.08906
5183.0,-1.25639,-1.27474
5184.0,-2.84070,-2.85894
5185.0,1.39150,1.37338
5186.0,-2.54106,-2.55907
5187.0,1.45154,1.43364
5188.0,0.81272,0.79493
5189.0,-1.53951,-1.55720
5190.0,0.16962,0.15204
5191.0,-0.90587,-0.92334
5192.0,3.04979,3.03243
5193.0,-0.41138,-0.42864
5194.0,-0.95624,-0.97340
5195.0,-2.07408,-2.09113
5196.0,0.58679,0.56984
5197.0,-1.11785,-1.13470
5198.0,0.55341,0.53666
5199.0,1.88638,1.86973
5200.0,3.34828,3.33172
5201.0,0.76618,0.74972
5202.0,3.35321,3.33685
5203.0,1.17545,1.15919
5204.0,0.18155,0.16538
5205.0,-2.11892,-2.13499
5206.0,0.97772,0.96174
5207.0,0.44591,0.43002
5208.0,2.47506,2.45927
5209.0,-2.05929,-2.07499
5210.0,2.45167,2.43605
5211.0,0.50521,0.48969
5212.0,-0.45956,-0.47499
5213.0,-0.41355,-0.42890
5214.0,-2.59256,-2.60782
5215.0,-2.26876,-2.28394
5216.0,0.64140,0.62631
5217.0,1.06431,1.04931
5218.0,-0.13742,-0.15234
5219.0,3.08331,3.06847
5220.0,1.04046,1.02570
5221.0,1.62533,1.61065
5222.0,1.15076,1.13617
5223.0,0.71548,0.70097
5224.0,-1.23895,-1.25338
5225.0,1.15761,1.14326
5226.0,-0.11669,-0.13096
5227.0,2.57811,2.56391
5228.0,2.11294,2.09883
5229.0,1.62165,1.60761
5230.0,-0.24311,-0.25708
5231.0,-1.00972,-1.02361
5232.0,2.68239,2.66857
5233.0,-2.79541,-2.80915
5234.0,2.07668,2.06301
5235.0,1.73938,1.72578
5236.0,3.96075,3.94723
5237.0,2.30246,2.28901
5238.0,-0.17131,-0.18468
5239.0,1.22856,1.21526
5240.0,-4.29975,-4.31299
5241.0,-0.32633,-0.33949
5242.0,1.30748,1.29438
5243.0,0.86280,0.84977
5244.0,-0.13660,-0.14956
5245.0,1.68262,1.66973
5246.0,-0.73291,-0.74574
5247.0,-3.05888,-3.07164
5248.0,1.26201,1.24931
5249.0,3.06596,3.05333
5250.0,1.25097,1.23840
5251.0,-1.05251,-1.06501
5252.0,2.75910,2.74667
5253.0,-0.30575,-0.31812
5254.0,0.58812,0.57581
5255.0,-1.62218,-1.63443
5256.0,1.05360,1.04141
5257.0,-0.18656,-0.19868
5258.0,2.02338,2.01132
5259.0,2.46183,2.44983
5260.0,2.17670,2.16476
5261.0,-1.67751,-1.68939
5262.0,-0.03347,-0.04529
5263.0,0.24189,0.23012
5264.0,0.46943,0.45773
5265.0,-0.75270,-0.76435
5266.0,0.62538,0.61379
5267.0,1.64985,1.63831
5268.0,1.03504,1.02356
5269.0,-0.77133,-0.78275
5270.0,0.27365,0.26229
5271.0,0.28173,0.27042
5272.0,-0.76855,-0.77980
5273.0,-0.05423,-0.06543
5274.0,-3.87545,-3.88659
5275.0,0.26546,0.25437
5276.0,-1.24054,-1.25157
5277.0,1.53432,1.52334
5278.0,2.42470,2.41377
5279.0,2.39596,2.38509
5280.0,-1.70113,-1.71196
5281.0,1.65266,1.64189
5282.0,1.66984,1.65912
5283.0,1.31481,1.30414
5284.0,0.10920,0.09858
5285.0,0.69447,0.68390
5286.0,-3.55445,-3.56497
5287.0,-1.82409,-1.83457
5288.0,0.69777,0.68735
5289.0,-3.47847,-3.48885
5290.0,-0.79410,-0.80442
5291.0,-1.74599,-1.75627
5292.0,-1.23031,-1.24054
5293.0,2.67842,2.66824
5294.0,-2.27175,-2.28188
5295.0,1.02116,1.01107
5296.0,0.83438,0.82433
5297.0,-1.69833,-1.70833
5298.0,0.31288,0.30293
5299.0,1.91765,1.90774
5300.0,1.70189,1.69203
5301.0,1.34855,1.33874
5302.0,0.84612,0.83635
5303.0,2.27740,2.26768
5304.0,1.13232,1.12264
5305.0,0.74385,0.73421
5306.0,3.15616,3.14656
5307.0,0.17697,0.16741
5308.0,0.95978,0.95028
5309.0,-0.25829,-0.26775
5310.0,1.87749,1.86806
5311.0,0.39548,0.38610
5312.0,0.85948,0.85014
5313.0,1.09957,1.09027
5314.0,0.01212,0.00286
5315.0,0.63327,0.62405
5316.0,-0.83537,-0.84455
5317.0,0.29563,0.28649
5318.0,0.32736,0.31827
5319.0,1.35420,1.34514
5320.0,-0.14568,-0.15470
5321.0,-0.34534,-0.35432
5322.0,-0.00265,-0.01159
5323.0,2.33071,2.32181
5324.0,1.10349,1.09463
5325.0,-0.16769,-0.17651
5326.0,0.34666,0.33787
5327.0,-1.66021,-1.66896
5328.0,-0.46367,-0.47238
5329.0,0.49093,0.48226
5330.0,-0.10606,-0.11470
5331.0,2.23899,2.23039
5332.0,0.17751,0.16895
5333.0,3.48885,3.48032
5334.0,0.86783,0.85934
5335.0,-0.64690,-0.65536
5336.0,-0.02755,-0.03597
5337.0,-2.79925,-2.80763
5338.0,-0.01682,-0.02517
5339.0,1.99401,1.98569
5340.0,0.96783,0.95955
5341.0,0.09873,0.09049
5342.0,-0.69016,-0.69837
5343.0,0.89573,0.88755
5344.0,1.80599,1.79784
5345.0,-0.47180,-0.47991
5346.0,-0.43338,-0.44145
5347.0,-1.27264,-1.28068
5348.0,0.16024,0.15223
5349.0,-0.83463,-0.84260
5350.0,-1.66956,-1.67750
5351.0,-2.37371,-2.38162
5352.0,2.00185,1.99397
5353.0,1.59013,1.58229
5354.0,2.41105,2.40324
5355.0,-2.29818,-2.30596
5356.0,2.25455,2.24680
5357.0,1.82496,1.81724
5358.0,-0.84425,-0.85194
5359.0,-1.31557,-1.32323
5360.0,-0.01777,-0.02540
5361.0,-1.58643,-1.59403
5362.0,0.42741,0.41985
5363.0,-1.40812,-1.41566
5364.0,-1.74036,-1.74787
5365.0,-0.25541,-0.26289
5366.0,1.29108,1.28363
5367.0,0.63505,0.62763
5368.0,0.00375,-0.00364
5369.0,1.57464,1.56728
5370.0,-0.77069,-0.77802
5371.0,-1.26592,-1.27322
5372.0,0.65052,0.64325
5373.0,0.33459,0.32734
5374.0,0.75524,0.74803
5375.0,-2.75537,-2.76255
5376.0,-0.09728,-0.10444
5377.0,2.01067,2.00354
5378.0,1.97859,1.97149
5379.0,1.36588,1.35881
5380.0,3.35440,3.34735
5381.0,0.39278,0.38576
5382.0,-2.32187,-2.32886
5383.0,0.36708,0.36011
5384.0,1.40576,1.39882
5385.0,0.96255,0.95563
5386.0,-3.13066,-3.13755
5387.0,1.01498,1.00812
5388.0,-3.76101,-3.76785
5389.0,1.05156,1.04475
5390.0,1.31349,1.30670
5391.0,1.79267,1.78591
5392.0,0.79874,0.79200
5393.0,-2.10582,-2.11252
5394.0,-2.30978,-2.31646
5395.0,0.37609,0.36943
5396.0,-0.15190,-0.15854
5397.0,1.06373,1.05712
5398.0,-1.64764,-1.65422
5399.0,1.34223,1.33567
5400.0,0.84246,0.83592
5401.0,0.42467,0.41816
5402.0,-2.65685,-2.66334
5403.0,-0.53526,-0.54172
5404.0,-0.76237,-0.76881
5405.0,-3.63036,-3.63678
5406.0,1.33388,1.32748
5407.0,-0.73739,-0.74376
5408.0,2.24325,2.23690
5409.0,0.57791,0.57159
5410.0,0.65790,0.65160
5411.0,2.55636,2.55008
5412.0,-0.77597,-0.78222
5413.0,-0.42976,-0.43599
5414.0,-2.02380,-2.03001
5415.0,0.59439,0.58821
5416.0,-2.70154,-2.70770
5417.0,-0.40912,-0.41526
5418.0,-0.49053,-0.49665
5419.0,-0.88350,-0.88960
5420.0,0.99353,0.98746
5421.0,-0.68192,-0.68797
5422.0,2.83212,2.82609
5423.0,2.49302,2.48701
5424.0,3.32363,3.31764
5425.0,-1.07339,-1.07936
5426.0,1.45680,1.45085
5427.0,2.32532,2.31939
5428.0,0.32884,0.32293
5429.0,-2.06677,-2.07266
5430.0,-0.32486,-0.33073
5431.0,0.41118,0.40534
5432.0,1.70743,1.70161
5433.0,-5.29719,-5.30299
5434.0,-2.32464,-2.33042
5435.0,-0.12013,-0.12589
5436.0,0.08297,0.07722
5437.0,1.71831,1.71259
5438.0,1.30160,1.29590
5439.0,0.14160,0.13591
5440.0,1.24077,1.23510
5441.0,-1.17334,-1.17898
5442.0,0.37244,0.36681
5443.0,2.69390,2.68830
5444.0,-0.41731,-0.42290
5445.0,2.60788,2.60231
5446.0,-0.00691,-0.01245
5447.0,1.05789,1.05236
5448.0,2.06647,2.06097
5449.0,-0.31735,-0.32284
5450.0,-0.12915,-0.13462
5451.0,-1.76420,-1.76966
5452.0,1.76406,1.75862
5453.0,-0.96293,-0.96834
5454.0,-3.65880,-3.66419
5455.0,-2.61412,-2.61950
5456.0,0.82842,0.82306
5457.0,-3.57135,-3.57670
5458.0,-0.00247,-0.00780
5459.0,-3.30593,-3.31123
5460.0,0.77119,0.76590
5461.0,-0.00974,-0.01501
5462.0,-0.36340,-0.36866
5463.0,-2.57860,-2.58384
5464.0,1.68349,1.67827
5465.0,1.58597,1.58077
5466.0,2.33051,2.32532
5467.0,0.11069,0.10553
5468.0,-1.51245,-1.51761
5469.0,1.91391,1.90878
5470.0,-2.35767,-2.36278
5471.0,-0.03673,-0.04183
5472.0,0.61806,0.61297
5473.0,0.52628,0.52121
5474.0,1.42460,1.41955
5475.0,1.93040,1.92536
5476.0,1.98139,1.97637
5477.0,1.03825,1.03325
5478.0,0.94457,0.93958
5479.0,0.26216,0.25719
5480.0,0.44702,0.44207
5481.0,1.33518,1.33024
5482.0,-0.86823,-0.87316
5483.0,-2.72416,-2.72907
5484.0,1.21326,1.20837
5485.0,2.13777,2.13290
5486.0,2.34088,2.33602
5487.0,-3.25695,-3.26180
5488.0,1.38974,1.38491
5489.0,0.35294,0.34813
5490.0,-1.60804,-1.61284
5491.0,3.49799,3.49320
5492.0,0.97826,0.97349
5493.0,2.46068,2.45592
5494.0,-0.62970,-0.63444
5495.0,1.41628,1.41156
5496.0,2.38646,2.38175
5497.0,-1.62494,-1.62963
5498.0,-1.27986,-1.28453
5499.0,-4.21100,-4.21567
5500.0,-1.50729,-1.51194